table,column,dtype,description,null_rate,n_unique,min,max,examples
fact_payment_attempts,ticket_id,object,Mã giao dịch (duy nhất),0.0,154725,,,"d66e52d3f385fff36d7eccd5438d9af0, c501ae228c2bc33a4b107f5f1e337e34, 78e1c96f87a1d4e7e73c4ee6849459b8"
fact_payment_attempts,customer_id,int64,Mã khách hàng,0.0,119477,100001,231399,"120800, 146290, 111565"
fact_payment_attempts,time,datetime64[ns],Thời điểm thanh toán,0.0,154725,2019-01-01 00:42:36.037000,2022-12-31 23:58:51.584000,"2019-01-01 00:42:36.037000, 2019-01-01 01:43:45.485000, 2019-01-01 02:09:18.439000"
fact_payment_attempts,date,object,Ngày thanh toán,0.0,1174,,,"2019-01-01, 2019-01-02, 2019-01-03"
fact_payment_attempts,week,datetime64[ns],Thứ Hai đầu tuần của giao dịch,0.0,185,2018-12-31 00:00:00,2022-12-26 00:00:00,"2018-12-31 00:00:00, 2019-01-07 00:00:00, 2019-01-14 00:00:00"
fact_payment_attempts,year_month,object,Tháng giao dịch (YYYY-MM),0.0,45,,,"2019-01, 2019-02, 2019-03"
fact_payment_attempts,hour,int32,Giờ trong ngày (0-23),0.0,24,0,23,"0, 1, 2"
fact_payment_attempts,day_name,object,Thứ trong tuần,0.0,7,,,"Tuesday, Wednesday, Thursday"
fact_payment_attempts,paying_method,object,Phương thức thanh toán,0.0,5,,,"debit card, money in app, credit card"
fact_payment_attempts,platform,object,Nền tảng: mobile / website / Unknown,0.0,3,,,"mobile, website, Unknown"
fact_payment_attempts,os_version,object,Hệ điều hành suy ra từ model thiết bị,0.0,4,,,"ios, android and other, Unknown"
fact_payment_attempts,device_number,object,Mã thiết bị,0.0,126459,,,"ffa778005430284ac432db6e8368f9ee, 22f03355e50c660ce224814c7bad7f7b, bfc7b908f73f7ca94e7c1fec2e3e5a4c"
fact_payment_attempts,theater_name,float64,Mã rạp,0.0,179,2.0,193.0,"131.0, 160.0, 148.0"
fact_payment_attempts,movie_name,object,Tên phim,0.0,253,,,"Daddy Issues, Bumblebee, Aquaman"
fact_payment_attempts,campaign_id,int64,Mã campaign (0 = không dùng khuyến mãi),0.0,211,0,108940,"0, 13740, 14180"
fact_payment_attempts,campaign_type,object,Loại khuyến mãi: direct discount / voucher / reward point / none,0.0,4,,,"none, reward point, voucher"
fact_payment_attempts,is_promotion,bool,Giao dịch có dùng khuyến mãi,0.0,2,,,"False, True"
fact_payment_attempts,original_price,float64,Giá gốc (đơn vị theo dataset),0.0,1895,0.04,95.22,"7.84, 12.78, 4.95"
fact_payment_attempts,discount_value,float64,Số tiền giảm,0.0,242,0.0,12.78,"0.0, 11.96, 2.06"
fact_payment_attempts,final_price,float64,Giá khách trả = original_price - discount_value,0.0,2276,0.04,92.91,"7.84, 0.82, 4.95"
fact_payment_attempts,discount_rate,float64,discount_value / original_price,0.0,2927,0.0,0.9941,"0.0, 0.9358, 0.1784"
fact_payment_attempts,status_id,int64,1 = thành công; -1..-7 = mã lỗi,0.0,8,-7,1,"1, -2, -4"
fact_payment_attempts,status_description,object,Mô tả trạng thái / lỗi,0.0,8,,,"Order successful, Insufficient funds in customer account. , Password locked due to multiple incorrec"
fact_payment_attempts,error_group,object,Nhóm lỗi: customer / external (ngân hàng) / internal / none,0.0,4,,,"none, customer, external"
fact_payment_attempts,is_success,bool,Thanh toán thành công,0.0,2,,,"True, False"
fact_payment_attempts,attempt_number,int64,Lần thanh toán thứ mấy của khách (1 = lần đầu),0.0,260,1,260,"1, 2, 3"
fact_payment_attempts,is_first_attempt,bool,Là lần thanh toán đầu tiên của khách,0.0,2,,,"True, False"
fact_payment_attempts,failure_risk_score,float64,"Điểm rủi ro lỗi từ model notebook 03 (0-1, chỉ dùng thông tin trước giao dịch; model train trên 2019-2021 nên điểm của giai đoạn này là in-sample)",0.0,6226,0.0012,0.8912,"0.2793, 0.0179, 0.0306"
dim_customer,customer_id,int64,Mã khách hàng,0.0,131400,100001,231400,"100032, 100046, 100050"
dim_customer,usergender,object,Giới tính (Not verify = chưa xác minh),0.0,3,,,"Female, Male, Not verify"
dim_customer,dob,datetime64[ns],Ngày sinh,0.0,11640,1911-12-30 00:00:00,2036-02-07 00:00:00,"1985-08-08 00:00:00, 1987-07-11 00:00:00, 1994-11-19 00:00:00"
dim_customer,age,int64,Tuổi tại ngày cuối của dữ liệu,0.0,106,-14,111,"37, 35, 28"
dim_customer,age_generation,object,Thế hệ: gen z / gen y / gen x / baby boomers,0.0,4,,,"gen y, gen z, gen x"
dim_customer,first_attempt_time,datetime64[ns],Lần thanh toán đầu tiên,0.0907,119477,2019-01-01 00:42:36.037000,2022-12-31 23:58:51.584000,"2019-12-06 10:16:09.481000, 2022-01-07 13:20:22.013000, 2019-06-26 13:33:33.754000"
dim_customer,first_success_time,datetime64[ns],Lần mua thành công đầu tiên,0.195,105776,2019-01-01 00:42:36.037000,2022-12-31 23:58:51.584000,"2020-01-10 23:02:28.205000, 2022-01-07 13:20:22.013000, 2019-06-26 13:33:33.754000"
dim_customer,n_attempts,int64,Tổng số lần thanh toán,0.0,44,0,260,"3, 2, 0"
dim_customer,n_success,int64,Số lần mua thành công,0.0,47,0,260,"2, 0, 1"
dim_customer,total_spend,float64,Tổng final_price các giao dịch thành công,0.0,5525,0.0,1287.87,"14.93, 8.95, 15.58"
dim_customer,total_discount,float64,Tổng tiền được giảm,0.0,1099,0.0,31.7,"3.38, 6.52, 2.56"
dim_customer,first_attempt_failed,boolean,Lần thanh toán đầu tiên bị lỗi,0.0907,2,,,"True, False"
dim_customer,has_activity,bool,Khách có ít nhất 1 lần thanh toán,0.0,2,,,"True, False"
dim_customer,n_failed,int64,Số lần thanh toán lỗi,0.0,7,0,6,"1, 0, 2"
dim_customer,success_rate,float64,n_success / n_attempts,0.0907,51,0.0,1.0,"0.6667, 1.0, 0.0"
dim_customer,lost_at_first_payment,boolean,Lỗi lần đầu VÀ chưa bao giờ mua thành công,0.0,2,,,"False, True"
dim_customer,is_verified_profile,bool,Có thông tin giới tính & ngày sinh thật (không phải Not verify / autofill 1970),0.0,2,,,"True, False"
customer_features,customer_id,int64,Mã khách hàng,0.0,105776,100001,231399,"100001, 100003, 100004"
customer_features,as_of,datetime64[ns],Thời điểm tính đặc trưng,0.0,1,2023-01-01 00:00:00,2023-01-01 00:00:00,2023-01-01 00:00:00
customer_features,recency_days,int64,Số ngày từ lần mua thành công gần nhất tới as_of,0.0,1151,0,1460,"1402, 223, 11"
customer_features,tenure_days,int64,Số ngày từ lần mua thành công đầu tiên tới as_of,0.0,1161,0,1460,"1402, 1385, 11"
customer_features,frequency,int64,Số lần mua thành công trước as_of,0.0,46,1,260,"1, 6, 7"
customer_features,n_months,int64,Số tháng có mua,0.0,18,1,18,"1, 6, 7"
customer_features,monetary,float64,Tổng chi tiêu trước as_of,0.0,5524,0.04,1287.87,"5.36, 58.39, 32.25"
customer_features,avg_price,float64,Giá trung bình mỗi vé,0.0,7164,0.04,86.6,"5.36, 9.7317, 32.25"
customer_features,promo_share,float64,Tỷ lệ giao dịch có khuyến mãi,0.0,68,0.0,1.0,"1.0, 0.1667, 0.0"
customer_features,discount_rate,float64,discount_value / original_price,0.0,11437,0.0,0.9941176470588236,"0.2776, 0.047, 0.0"
customer_features,wallet_share,float64,Tỷ lệ giao dịch dùng ví trong app,0.0,65,0.0,1.0,"1.0, 0.5, 0.2857"
customer_features,mobile_share,float64,Tỷ lệ giao dịch qua mobile,0.0,18,0.0,1.0,"1.0, 0.0, 0.5"
customer_features,n_failed,float64,Số lần thanh toán lỗi,0.0,7,0.0,6.0,"0.0, 1.0, 2.0"
customer_features,segment,object,Nhóm khách (luật theo slide báo cáo),0.0,5,,,"Khách lâu chưa quay lại, Khách mua một lần (mới), Khách giá trị cao"
customer_features,action,object,Hướng xử lý đề xuất cho nhóm,0.0,5,,,"Kéo lại bằng phim mới, voucher quay lại,, Tặng coupon cho lần mua thứ hai trong vò, Membership, ưu đãi đặc quyền, đặt vé sớm"
customer_features,repurchase_score,float64,"Xác suất mua lại trong 90 ngày sau as_of (model RFM, AUC backtest ~0.66)",0.0,2613,0.0022,0.9152,"0.0116, 0.0928, 0.0764"
customer_features,score_source,object,Nguồn điểm: model hoặc luật recency (khi thiếu dữ liệu train),0.0,1,,,model
campaign_summary,campaign_id,int64,Mã campaign (0 = không dùng khuyến mãi),0.0,211,0,108940,"0, 73240, 83330"
campaign_summary,campaign_type,object,Loại khuyến mãi: direct discount / voucher / reward point / none,0.0,4,,,"none, direct discount, reward point"
campaign_summary,tickets,int64,Số lượt thanh toán,0.0,124,1,63098,"63098, 14185, 12805"
campaign_summary,success_tickets,int64,Số vé thành công,0.0,124,0,55156,"55156, 11935, 10917"
campaign_summary,customers,int64,Số khách khác nhau,0.0,123,0,44858,"44858, 11563, 10780"
campaign_summary,revenue,float64,Doanh thu (tổng final_price thành công),0.0,205,0.0,500895.18,"500895.18, 85380.82, 79454.59"
campaign_summary,discount_spend,float64,Tổng tiền giảm giá,0.0,158,0.0,41374.83,"14320.01, 41374.83, 28122.85"
campaign_summary,failure_rate,float64,Tỷ lệ thanh toán lỗi,0.0,119,0.0,1.0,"0.1259, 0.1586, 0.1474"
campaign_summary,new_customers,float64,Số khách có lần mua đầu tiên bằng campaign này (đủ 90 ngày quan sát),0.1374,108,1.0,32977.0,"32977.0, 10180.0, 9173.0"
campaign_summary,returned_90d,float64,Tỷ lệ khách mới mua lần 2 trong 90 ngày,0.1374,107,0.0,1.0,"0.0954, 0.0923, 0.0717"
campaign_summary,one_time_rate,float64,1 - returned_90d,0.1374,107,0.0,1.0,"0.9046, 0.9077, 0.9283"
campaign_summary,discount_per_returned,float64,Tiền giảm giá cho khách mới / số khách mới quay lại,0.4265,116,0.41,1453.0140000000001,"2.529, 37.4663, 35.7607"
