year_month,tickets,payment_success_rate,payment_failure_rate,success_tickets,revenue,conversion,mobile_conversion,app_completion_rate,repeat_90d,retention_30d,repeat_no_promo_share,discount_per_retained,frequency,spend_per_customer,ltv_to_date
2019-01,2019,0.6731054977711739,0.3268945022288261,1359,5745.3099999999995,0.7076115485564305,0.7076115485564305,0.6731054977711739,0.06750741839762611,0.017804154302670624,0.5454545454545454,302.3876,1.008160237388724,4.26209940652819,4.26209940652819
2019-02,1626,0.8776137761377614,0.12238622386223863,1427,12506.32,0.8905835543766578,0.8905835543766578,0.8776137761377614,0.15622583139984533,0.07269914926527456,0.9402985074626866,31.768333333333334,1.0625465376023828,9.31222635889799,6.910878455130631
2019-03,1004,0.8625498007968128,0.13745019920318724,866,7431.67,0.8747390396659708,0.8747390396659708,0.8625498007968128,0.17181208053691274,0.05100671140939597,0.9834710743801653,26.153333333333332,1.0334128878281623,8.868341288782815,7.585144713526283
2019-04,4069,0.7839764069796019,0.21602359302039809,3190,25588.01,0.8036969539182505,0.8036969539182505,0.7839764069796019,0.10164271047227925,0.04620123203285421,0.7798507462686567,45.22274509803922,1.0333657272432784,8.288956916099773,8.127981927710843
2019-05,4430,0.8164785553047404,0.18352144469525955,3617,26278.63,0.8334937439846006,0.8334937439846006,0.8164785553047404,0.12182269063856169,0.05455672659640422,0.6470588235294118,27.987800000000004,1.0441685912240184,7.586209584295612,8.134040276903713
2019-06,4387,0.8215181217232733,0.17848187827672668,3604,26842.98,0.8395838374062424,0.8395838374062424,0.8215181217232733,0.1201828870019595,0.054866100587851074,0.5811808118081181,23.842765957446808,1.0386167146974064,7.735729106628242,8.287783423308987
2019-07,3872,0.8174070247933884,0.18259297520661155,3165,23369.61,0.8383921246923708,0.8383921246923708,0.8174070247933884,0.10494063577173497,0.04634239754883186,0.6137184115523465,26.20528735632184,1.032289628180039,7.6221819960861055,8.401560465575065
2019-08,5444,0.8291697281410727,0.1708302718589273,4514,31245.52,0.8472330475448169,0.8472330475448169,0.8291697281410727,0.09906291834002677,0.038821954484605084,0.5301668806161746,42.30618421052631,1.0381784728610857,7.186182152713892,8.394469960933375
2019-09,3278,0.8456375838926175,0.15436241610738255,2772,19576.39,0.8617157490396927,0.8617157490396927,0.8456375838926175,0.10189027201475334,0.047487321346242506,0.46102819237147596,40.7784892086331,1.0297176820208023,7.2720616641901925,8.459307470039317
2019-10,5284,0.8205904617713853,0.17940953822861472,4336,29090.05,0.8416380875529554,0.8416380875529554,0.8205904617713853,0.08412604042806184,0.043400713436385255,0.448559670781893,53.826184971098264,1.0393096836049855,6.972686960690316,8.485168130745658
2019-11,2722,0.8651726671565025,0.13482733284349746,2355,19577.73,0.8799374266718811,0.8799374266718811,0.8651726671565025,0.08804204993429698,0.04139290407358739,0.4225690276110444,38.54381578947368,1.0466666666666666,8.701213333333333,8.741478632149864
2019-12,1651,0.8534221683827983,0.14657783161720173,1409,12025.12,0.8688845401174168,0.8688845401174168,0.8534221683827983,0.07194244604316546,0.03477218225419664,1.0,,1.0578078078078077,9.027867867867869,8.917943423651746
2020-01,1289,0.8704422032583398,0.12955779674166024,1122,11344.25,0.8780889621087314,0.8778877887788779,0.8702408702408703,0.06022408963585434,0.046218487394957986,0.7916666666666666,38.23692307692308,1.0525328330206378,10.64188555347092,9.098623706661826
2020-02,1092,0.8516483516483516,0.14835164835164838,930,7458.88,0.8688995215311005,0.8688995215311005,0.8516483516483516,0.019572953736654804,0.017793594306049824,0.5163043478260869,159.14333333333335,1.024229074889868,8.214625550660793,9.182071014338065
2020-09,619,0.8093699515347335,0.19063004846526654,501,3751.9,0.8330494037478705,0.8341880341880342,0.8103727714748784,0.0646900269541779,0.04043126684636118,0.7692307692307693,49.031666666666666,1.0245398773006136,7.672597137014315,9.270931280771098
2020-10,1488,0.8528225806451613,0.14717741935483875,1269,9157.5,0.8659574468085106,0.8638328530259366,0.8506139154160982,0.057291666666666664,0.022916666666666665,0.5372168284789643,72.79148148148148,1.0393120393120394,7.5,9.279568485336554
2020-11,932,0.8658798283261803,0.13412017167381973,807,5549.56,0.8830275229357798,0.8811188811188811,0.8636859323882224,0.08524590163934426,0.05245901639344262,0.4467005076142132,27.651162790697676,1.0480519480519481,7.20722077922078,9.275919373931343
2020-12,2124,0.8526365348399246,0.14736346516007537,1811,12669.32,0.864321608040201,0.8633316142341413,0.8512795750845003,0.07922272047832586,0.04783258594917788,0.5623678646934461,41.41369230769231,1.052906976744186,7.365883720930232,9.284049763779528
2021-01,1137,0.8689533861037819,0.13104661389621808,988,7110.78,0.8787878787878788,0.8741594620557157,0.8640955004591369,0.09201623815967523,0.023004059539918808,0.46184738955823296,29.344509803921568,1.03239289446186,7.430282131661442,9.291740589122474
2021-03,6127,0.8545780969479354,0.1454219030520646,5236,43845.3,0.8643341663691538,0.8646142433234422,0.8560773012374979,0.053774050320670945,0.043660582141095215,0.6556683587140439,50.669823008849555,1.0813713341594382,9.055204460966543,9.469292593097805
2021-04,2690,0.8754646840148699,0.12453531598513012,2355,19737.62,0.8874172185430463,0.8863275039745628,0.8747152619589977,0.015472779369627506,0.015472779369627506,0.5295081967213114,207.85357142857143,1.033801580333626,8.66445127304653,9.552982812500002
2021-12,1367,0.8617410387710315,0.13825896122896852,1178,9504.75,0.880061115355233,0.8781645569620253,0.8589840788476119,0.05323590814196242,0.019832985386221295,0.39545454545454545,48.445454545454545,1.0225694444444444,8.250651041666666,9.578076029300329
2022-01,564,0.849290780141844,0.150709219858156,479,3988.26,0.8729281767955801,0.8686679174484052,0.8462929475587704,0.10695187165775401,0.045454545454545456,0.4666666666666667,30.398750000000003,1.010548523206751,8.414050632911392,9.588236662996698
2022-02,4206,0.8233475986685687,0.17665240133143134,3463,27702.36,0.8386346004654771,0.837953091684435,0.8225648556045032,0.09588550983899821,0.03935599284436494,0.47305389221556887,33.125477386934676,1.0678384212149246,8.542201665124885,9.60936060244627
2022-03,4713,0.8241035433906216,0.17589645660937836,3884,29177.85,0.8376766784452296,0.8366280390820268,0.823401004147566,0.0861753958587089,0.03440925700365408,0.365,36.040230414746546,1.0239915634062746,7.692552069601898,9.557685207306214
2022-04,5403,0.8519341106792523,0.1480658893207477,4603,36934.43,0.8590874233128835,0.8573714742948589,0.85018364585347,0.11119894598155468,0.048484848484848485,0.3873762376237624,26.17081081081081,1.027226065610355,8.242452577549654,9.57098860307396
2022-05,13209,0.8603982133393898,0.13960178666061018,11365,85733.12,0.8727243692111146,0.8744276668290307,0.861796918507518,0.09824963534069597,0.03959158157949573,0.2976796830786644,33.05289972899729,1.0397987191216835,7.843835315645014,9.467865435089845
2022-06,8640,0.8599537037037037,0.14004629629629628,7430,59906.76,0.8687537627934979,0.8682502213042196,0.859288649567805,0.08544199802826158,0.047157410450213606,0.46130952380952384,40.41587719298246,1.0297990297990298,8.30308523908524,9.502744269100456
2022-07,17740,0.8801014656144307,0.1198985343855693,15613,118733.06,0.8909339191355459,0.8911905474125037,0.8808477459597391,0.06972762645914397,0.0333852140077821,0.4513210278682591,27.341896272285254,1.0404504864720778,7.912372384379581,9.459652299290564
2022-08,5531,0.9123124209003797,0.08768757909962033,5046,37666.7,0.9195837275307474,0.9197427959037866,0.9121683440073193,0.102584388185654,0.04509493670886076,0.5845295055821371,15.749567307692306,1.0382716049382716,7.750349794238683,9.481507351151357
2022-09,7864,0.9162004069175992,0.08379959308240081,7205,59043.68,0.9222134178552562,0.9246419270833334,0.9185393258426966,,0.029850746268656716,0.6446522501461134,,1.0317914936273809,8.455345839896893,9.560818750142602
2022-10,9810,0.9095820591233436,0.09041794087665644,8923,64596.91,0.9167815117141949,0.9175514484205007,0.9105639994975505,,0.030766944114149822,0.6446469248291572,,1.0317992599444958,7.469577937095282,9.563697582268558
2022-11,8280,0.9143719806763285,0.08562801932367148,7571,53610.37,0.9204758922980588,0.9205112219451371,0.9141830163246967,,,0.43194980694980695,,1.0300680272108844,7.293927891156463,9.573905291084749
2022-12,7409,0.9229315697125118,0.07706843028748822,6838,63751.409999999996,0.9296575245132869,0.9357864357864358,0.9305177111716622,,,0.5173889780631353,,1.0452461021094466,9.744941913787832,9.728202452934559
