campaign_id,new_customers,returned_90d,discount_spend,n_returned,one_time_rate,discount_per_returned
13740,691,0.00723589001447178,7265.070000000001,5,0.9927641099855282,1453.0140000000001
41330,1155,0.027705627705627706,4840.36,32,0.9722943722943723,151.26125
19800,2565,0.03469785575048733,13911.47,89,0.9653021442495127,156.30865168539324
17190,2457,0.05331705331705332,9939.01,131,0.9466829466829467,75.87030534351145
41300,4126,0.057925351429956376,11955.14,239,0.9420746485700436,50.021506276150625
17170,425,0.07294117647058823,790.5,31,0.9270588235294117,25.5
23020,505,0.08514851485148515,1299.78,43,0.9148514851485149,30.227441860465117
17600,343,0.08746355685131195,804.84,30,0.9125364431486881,26.828
23110,554,0.10108303249097472,1625.12,56,0.8989169675090253,29.02
0,16985,0.10291433617898145,0.0,1748,0.8970856638210185,0.0
23130,311,0.10932475884244373,914.72,34,0.8906752411575563,26.90352941176471
18840,386,0.11398963730569948,981.46,44,0.8860103626943006,22.305909090909093
23120,305,0.12131147540983607,877.82,37,0.8786885245901639,23.724864864864866
23030,361,0.12465373961218837,887.26,45,0.8753462603878116,19.71688888888889
18790,332,0.12650602409638553,797.42,42,0.8734939759036144,18.986190476190476
18800,325,0.1476923076923077,791.44,48,0.8523076923076923,16.488333333333333
18830,321,0.17133956386292834,749.84,55,0.8286604361370716,13.633454545454546
