year_month,failed_value,unrecovered_failed_value,discount_total,discount_one_time,unrecovered_share,one_time_discount_share
2019-01,4601.52,4382.54,7568.35,7479.320000000001,0.9524113771101722,0.98823653768655
2019-02,1853.38,1766.32,210.39000000000001,193.91,0.9530263626455449,0.9216692808593564
2019-03,1211.88,1167.75,85.8,73.13,0.9635855035151994,0.8523310023310023
2019-04,6866.27,6483.51,4724.95,4386.5,0.9442550322081712,0.9283696123768506
2019-05,5972.61,5672.47,5910.31,5312.14,0.9497472629219053,0.8987921107353083
2019-06,6414.67,6027.24,6136.08,5390.08,0.9396025048833376,0.8784240101172084
2019-07,5705.54,5189.57,5092.17,4501.19,0.9095668420517602,0.8839433875931085
2019-08,6688.61,6240.97,10552.47,9613.71,0.9330742859876716,0.9110388373527714
2019-09,4017.6,3663.56,6550.0,5811.78,0.9118777379530068,0.8872946564885495
2019-10,6142.74,5649.36,10812.7,9945.02,0.9196807939128141,0.9197536230543712
2019-11,3130.27,2786.95,4390.58,3935.28,0.8903225600347573,0.8963007165340343
2019-12,2079.34,1957.39,,,0.9413515827137456,
2020-01,1597.98,1519.35,734.98,668.05,0.9507941275860774,0.9089362975863288
2020-02,1412.68,1321.94,1455.3,1398.12,0.9357674774188068,0.9607091321377035
2020-03,247.31,237.53,364.91,364.91,0.960454490315798,1.0
2020-05,30.38,30.38,,,1.0,
2020-07,322.99,277.62,,,0.8595312548376111,
2020-08,117.91,101.41,,,0.860062759731999,
2020-09,846.28,791.69,668.62,616.85,0.935494162688472,0.9225718644371991
2020-10,1715.33,1618.02,2391.33,2246.87,0.943270391120076,0.9395901025788996
2020-11,917.64,828.81,1447.83,1313.96,0.9031973322871714,0.9075374871359208
2020-12,2321.86,2180.86,3260.67,2986.81,0.9392728243735626,0.9160111265476113
2021-01,1180.28,1092.53,1851.31,1649.95,0.9256532348256346,0.8912337750025658
2021-02,296.26,279.6,169.4,148.79,0.9437656112873828,0.8783353010625737
2021-03,8091.06,7501.14,6822.68,6429.58,0.9270898992221044,0.9423833449612176
2021-04,2889.49,2710.04,3719.82,3637.04,0.937895614797075,0.9777462350328778
2021-05,240.89,219.65,264.03000000000003,264.03000000000003,0.9118269749678277,1.0
2021-06,7.3,7.3,,,1.0,
2021-07,4.04,4.04,,,1.0,
2021-11,154.63,120.02,89.65,70.99,0.77617538640626,0.791857222532069
2021-12,1620.37,1409.19,1936.68,,0.8696717416392553,
2022-01,660.43,594.49,875.66,,0.9001559589964115,
2022-02,6128.46,,7750.5,,,
2022-03,1673.58,,2177.61,,,
