description,platform,paying_method,errors,attempts,rate,baseline_rate,change_pp,excess_errors
Payment failed from bank,mobile,bank account,95,450,0.2111111111111111,0.04594330400782014,16.516780710329098,74.32551319648094
Payment failed from bank,mobile,debit card,57,156,0.36538461538461536,0.19622641509433963,16.91582002902757,26.388679245283015
Payment failed from bank,mobile,credit card,23,94,0.24468085106382978,0.2153846153846154,2.929623567921438,2.753846153846152
Payment overdue,mobile,credit card,2,94,0.02127659574468085,0.003076923076923077,1.8199672667757774,1.7107692307692306
Transaction temporarily limited,mobile,bank account,2,450,0.0044444444444444444,0.0009775171065493646,0.346692733789508,1.5601173020527859
Need verify your account to continue,mobile,bank account,3,450,0.006666666666666667,0.004887585532746823,0.1779081133919844,0.8005865102639298
Transaction temporarily limited,mobile,money in app,1,297,0.003367003367003367,0.0012391573729863693,0.21278459940169978,0.6319702602230484
Payment overdue,mobile,money in app,1,297,0.003367003367003367,0.0018587360594795538,0.15082673075238132,0.4479553903345725
Need verify your account to continue,mobile,money in app,3,297,0.010101010101010102,0.00929368029739777,0.08073298036123319,0.2397769516728626
Insufficient funds in customer account. Please add more funds and try the transaction again.,mobile,debit card,1,156,0.00641025641025641,0.0660377358490566,-5.96274794388002,0.0
Insufficient funds in customer account. Please add more funds and try the transaction again.,mobile,bank account,1,450,0.0022222222222222222,0.12903225806451613,-12.681003584229392,0.0
No response from your bank,mobile,money in app,1,297,0.003367003367003367,0.021065675340768277,-1.7698671973764912,0.0
