ticket_id,customer_id,time,paying_method,status_id,description,message
eaf01d04284984d4f024c222877fdbf2,153469,2022-02-28 10:50:36.105,bank account,-5,Payment failed from bank,Thanh toán qua ngân hàng chưa thành công (lỗi từ phía ngân hàng). Thử lại sau ít phút hoặc chọn Ví trong app.
fa236e67381b5f642452e5e061cb1c0f,225204,2022-02-28 13:10:00.889,debit card,-5,Payment failed from bank,Thanh toán qua ngân hàng chưa thành công (lỗi từ phía ngân hàng). Thử lại sau ít phút hoặc chọn Ví trong app.
6d289dad923d16589cc162b8dc897bd5,193017,2022-02-28 18:02:45.971,bank account,-2,Insufficient funds in customer account. Please add more funds and try the transaction again.,Tài khoản chưa đủ số dư nên giao dịch chưa thành công. Bạn có thể thanh toán bằng Ví trong app để giữ ghế.
7ffda9cdf5acf28155b41eba56219d9f,224630,2022-03-01 11:46:53.592,money in app,-6,Need verify your account to continue,Bạn cần xác minh tài khoản để tiếp tục thanh toán. Hoàn tất xác minh trong 2 phút tại đây.
28fdab0e0d5fd6a4950649784528d4fe,200157,2022-03-01 12:36:46.135,debit card,-5,Payment failed from bank,Thanh toán qua ngân hàng chưa thành công (lỗi từ phía ngân hàng). Thử lại sau ít phút hoặc chọn Ví trong app.
dc926e70a9fbd56110b3dfbe0c3cea89,101387,2022-03-01 14:48:20.870,credit card,-5,Payment failed from bank,Thanh toán qua ngân hàng chưa thành công (lỗi từ phía ngân hàng). Thử lại sau ít phút hoặc chọn Ví trong app.
2f11f11cf62b4c18e511e45f7555ef6d,221062,2022-03-01 20:23:26.527,debit card,-2,Insufficient funds in customer account. Please add more funds and try the transaction again.,Tài khoản chưa đủ số dư nên giao dịch chưa thành công. Bạn có thể thanh toán bằng Ví trong app để giữ ghế.
b616a9d2bf95d99d706e68a8a785a106,129014,2022-03-01 21:03:19.996,credit card,-5,Payment failed from bank,Thanh toán qua ngân hàng chưa thành công (lỗi từ phía ngân hàng). Thử lại sau ít phút hoặc chọn Ví trong app.
6ddf66065e8853408f2631e8367fc03a,134105,2022-03-02 15:12:50.712,bank account,-5,Payment failed from bank,Thanh toán qua ngân hàng chưa thành công (lỗi từ phía ngân hàng). Thử lại sau ít phút hoặc chọn Ví trong app.
6d7da985be13260c5b996401f5603d1b,126541,2022-03-02 17:35:25.358,debit card,-5,Payment failed from bank,Thanh toán qua ngân hàng chưa thành công (lỗi từ phía ngân hàng). Thử lại sau ít phút hoặc chọn Ví trong app.
3628bc5031d339c1c894b4fc7676f6d5,213760,2022-03-02 19:22:03.991,debit card,-5,Payment failed from bank,Thanh toán qua ngân hàng chưa thành công (lỗi từ phía ngân hàng). Thử lại sau ít phút hoặc chọn Ví trong app.
93fc865c3721bd58fec912859bbc10c1,187839,2022-03-02 19:27:14.415,debit card,-5,Payment failed from bank,Thanh toán qua ngân hàng chưa thành công (lỗi từ phía ngân hàng). Thử lại sau ít phút hoặc chọn Ví trong app.
aa92e400277d7b993f4fae7fa777547e,118942,2022-03-02 19:47:38.481,bank account,-5,Payment failed from bank,Thanh toán qua ngân hàng chưa thành công (lỗi từ phía ngân hàng). Thử lại sau ít phút hoặc chọn Ví trong app.
73d7195b7b3d645724deadf8d67bbebe,206355,2022-03-02 19:51:26.818,bank account,-5,Payment failed from bank,Thanh toán qua ngân hàng chưa thành công (lỗi từ phía ngân hàng). Thử lại sau ít phút hoặc chọn Ví trong app.
84ebe92f7b3fd6098858c6f3157eddab,221436,2022-03-02 20:18:41.950,bank account,-5,Payment failed from bank,Thanh toán qua ngân hàng chưa thành công (lỗi từ phía ngân hàng). Thử lại sau ít phút hoặc chọn Ví trong app.
c615e2b3f24e6401911d98d17c0f8523,153924,2022-03-02 21:12:26.717,debit card,-5,Payment failed from bank,Thanh toán qua ngân hàng chưa thành công (lỗi từ phía ngân hàng). Thử lại sau ít phút hoặc chọn Ví trong app.
81204e5cacab89614127b6c6d029118b,148176,2022-03-02 22:48:50.184,debit card,-5,Payment failed from bank,Thanh toán qua ngân hàng chưa thành công (lỗi từ phía ngân hàng). Thử lại sau ít phút hoặc chọn Ví trong app.
066b534e8596bd24baef7777268af188,138467,2022-03-02 22:59:10.064,bank account,-5,Payment failed from bank,Thanh toán qua ngân hàng chưa thành công (lỗi từ phía ngân hàng). Thử lại sau ít phút hoặc chọn Ví trong app.
badd470e92c67315bd924870144306eb,225454,2022-03-03 00:39:02.199,debit card,-5,Payment failed from bank,Thanh toán qua ngân hàng chưa thành công (lỗi từ phía ngân hàng). Thử lại sau ít phút hoặc chọn Ví trong app.
f406814fb795ea3afba5ed6ad51b2dbe,194766,2022-03-03 08:20:43.098,debit card,-5,Payment failed from bank,Thanh toán qua ngân hàng chưa thành công (lỗi từ phía ngân hàng). Thử lại sau ít phút hoặc chọn Ví trong app.
f93a590ce11421ccf96a566f42e4d1d5,218744,2022-03-03 08:30:35.738,debit card,-5,Payment failed from bank,Thanh toán qua ngân hàng chưa thành công (lỗi từ phía ngân hàng). Thử lại sau ít phút hoặc chọn Ví trong app.
2b13eb3719d617c9277b7623c12cb58f,123025,2022-03-03 09:11:59.628,bank account,-5,Payment failed from bank,Thanh toán qua ngân hàng chưa thành công (lỗi từ phía ngân hàng). Thử lại sau ít phút hoặc chọn Ví trong app.
52b49a37f50f5611253bfb0f10a0c320,139692,2022-03-03 09:16:50.668,credit card,-5,Payment failed from bank,Thanh toán qua ngân hàng chưa thành công (lỗi từ phía ngân hàng). Thử lại sau ít phút hoặc chọn Ví trong app.
f909ab0bb745b0c930c1aeb2a983e4fe,203480,2022-03-03 11:50:56.508,bank account,-5,Payment failed from bank,Thanh toán qua ngân hàng chưa thành công (lỗi từ phía ngân hàng). Thử lại sau ít phút hoặc chọn Ví trong app.
71fc962ea07f03cfc8c452a7946e5e06,111696,2022-03-03 12:35:33.239,debit card,-5,Payment failed from bank,Thanh toán qua ngân hàng chưa thành công (lỗi từ phía ngân hàng). Thử lại sau ít phút hoặc chọn Ví trong app.
27bc5444c4abff0508e7fd652459c9e0,182543,2022-03-03 13:05:58.077,bank account,-5,Payment failed from bank,Thanh toán qua ngân hàng chưa thành công (lỗi từ phía ngân hàng). Thử lại sau ít phút hoặc chọn Ví trong app.
49a3505b948e4dd39bebd6bf9b70c863,124240,2022-03-03 13:07:16.086,money in app,-3,No response from your bank,Ngân hàng chưa phản hồi nên vé chưa được xuất. Bạn chưa bị trừ tiền - thử lại hoặc chọn Ví trong app.
6392635b5f38ca35013a0d323ebbe265,140080,2022-03-03 13:16:30.127,bank account,-5,Payment failed from bank,Thanh toán qua ngân hàng chưa thành công (lỗi từ phía ngân hàng). Thử lại sau ít phút hoặc chọn Ví trong app.
51008dcdb58f89ce5b88d7ff581c8f6c,202193,2022-03-03 13:19:36.429,debit card,-5,Payment failed from bank,Thanh toán qua ngân hàng chưa thành công (lỗi từ phía ngân hàng). Thử lại sau ít phút hoặc chọn Ví trong app.
d67d57470da92b534ab9312998cea212,158166,2022-03-03 13:29:32.505,credit card,-5,Payment failed from bank,Thanh toán qua ngân hàng chưa thành công (lỗi từ phía ngân hàng). Thử lại sau ít phút hoặc chọn Ví trong app.
b0f68d9c295034167f6d67b948d7c6e1,153259,2022-03-03 13:35:25.634,bank account,-5,Payment failed from bank,Thanh toán qua ngân hàng chưa thành công (lỗi từ phía ngân hàng). Thử lại sau ít phút hoặc chọn Ví trong app.
05cd5253c428e1ed7b01b48a4857d40d,225341,2022-03-03 13:45:16.695,money in app,-6,Need verify your account to continue,Bạn cần xác minh tài khoản để tiếp tục thanh toán. Hoàn tất xác minh trong 2 phút tại đây.
5d28d5f4d245291f327150485a70da89,106081,2022-03-03 16:05:13.505,debit card,-5,Payment failed from bank,Thanh toán qua ngân hàng chưa thành công (lỗi từ phía ngân hàng). Thử lại sau ít phút hoặc chọn Ví trong app.
8a19558c53fe75f1ce39c32c198c0341,174611,2022-03-03 16:10:52.069,debit card,-5,Payment failed from bank,Thanh toán qua ngân hàng chưa thành công (lỗi từ phía ngân hàng). Thử lại sau ít phút hoặc chọn Ví trong app.
0a176250fcde4a530c97662a4a0daf27,215512,2022-03-03 16:23:54.709,credit card,-5,Payment failed from bank,Thanh toán qua ngân hàng chưa thành công (lỗi từ phía ngân hàng). Thử lại sau ít phút hoặc chọn Ví trong app.
c0f5cc3cc90910c6f6c72a2670371879,200343,2022-03-03 16:58:12.277,debit card,-5,Payment failed from bank,Thanh toán qua ngân hàng chưa thành công (lỗi từ phía ngân hàng). Thử lại sau ít phút hoặc chọn Ví trong app.
16e53236a52937e4867278ff930b43b2,163475,2022-03-03 17:47:38.309,bank account,-5,Payment failed from bank,Thanh toán qua ngân hàng chưa thành công (lỗi từ phía ngân hàng). Thử lại sau ít phút hoặc chọn Ví trong app.
569281dc5473686b9cb58edc4054a5d9,103894,2022-03-03 18:11:20.932,bank account,-5,Payment failed from bank,Thanh toán qua ngân hàng chưa thành công (lỗi từ phía ngân hàng). Thử lại sau ít phút hoặc chọn Ví trong app.
532ca0952f723d98954276a4fc7740ab,138718,2022-03-03 18:15:13.280,bank account,-5,Payment failed from bank,Thanh toán qua ngân hàng chưa thành công (lỗi từ phía ngân hàng). Thử lại sau ít phút hoặc chọn Ví trong app.
b57e0d78d07c8655b2e3a8f2e0702731,153902,2022-03-03 18:17:15.258,bank account,-5,Payment failed from bank,Thanh toán qua ngân hàng chưa thành công (lỗi từ phía ngân hàng). Thử lại sau ít phút hoặc chọn Ví trong app.
719fbcdba932599ae57610c6ea4713b5,139853,2022-03-03 18:37:54.968,credit card,-5,Payment failed from bank,Thanh toán qua ngân hàng chưa thành công (lỗi từ phía ngân hàng). Thử lại sau ít phút hoặc chọn Ví trong app.
66035c754a1ab7a2f57224d7c83df22c,113465,2022-03-03 18:39:20.316,bank account,-5,Payment failed from bank,Thanh toán qua ngân hàng chưa thành công (lỗi từ phía ngân hàng). Thử lại sau ít phút hoặc chọn Ví trong app.
1722c1399962e4a4b15929853dac9363,175995,2022-03-03 18:44:26.813,bank account,-5,Payment failed from bank,Thanh toán qua ngân hàng chưa thành công (lỗi từ phía ngân hàng). Thử lại sau ít phút hoặc chọn Ví trong app.
4c7eeacd122dd333575884df0f66d6b0,132100,2022-03-03 22:27:40.209,credit card,-1,Payment overdue,Đơn đặt vé của bạn đã quá hạn thanh toán. Ghế vẫn có thể còn trống - đặt lại trong 1 chạm tại đây.
9875677b141b8c70a3f26c2015edabf3,211555,2022-03-03 22:34:59.754,debit card,-5,Payment failed from bank,Thanh toán qua ngân hàng chưa thành công (lỗi từ phía ngân hàng). Thử lại sau ít phút hoặc chọn Ví trong app.
fe85a574eceab65d0b0bff9a69979cf4,185099,2022-03-03 23:58:28.508,bank account,-5,Payment failed from bank,Thanh toán qua ngân hàng chưa thành công (lỗi từ phía ngân hàng). Thử lại sau ít phút hoặc chọn Ví trong app.
83aaa0d5d29a6f4d76d26070837bf7c0,128825,2022-03-04 00:01:28.184,bank account,-5,Payment failed from bank,Thanh toán qua ngân hàng chưa thành công (lỗi từ phía ngân hàng). Thử lại sau ít phút hoặc chọn Ví trong app.
66d27756afef5d0392ed79284529e6ef,177274,2022-03-04 00:44:11.464,bank account,-5,Payment failed from bank,Thanh toán qua ngân hàng chưa thành công (lỗi từ phía ngân hàng). Thử lại sau ít phút hoặc chọn Ví trong app.
b38a51e9f6f03909a3d25c308fc9fd72,102055,2022-03-04 00:48:45.747,debit card,-5,Payment failed from bank,Thanh toán qua ngân hàng chưa thành công (lỗi từ phía ngân hàng). Thử lại sau ít phút hoặc chọn Ví trong app.
122f33e42b861c8c40840d58abf0c3d2,128006,2022-03-04 07:21:34.624,bank account,-5,Payment failed from bank,Thanh toán qua ngân hàng chưa thành công (lỗi từ phía ngân hàng). Thử lại sau ít phút hoặc chọn Ví trong app.
55838ad86d443a8fbcc651e26efd145e,206814,2022-03-04 08:23:57.214,bank account,-5,Payment failed from bank,Thanh toán qua ngân hàng chưa thành công (lỗi từ phía ngân hàng). Thử lại sau ít phút hoặc chọn Ví trong app.
2454376db3c1c6c6ed0c0976aa6d3856,216665,2022-03-04 08:47:09.859,bank account,-5,Payment failed from bank,Thanh toán qua ngân hàng chưa thành công (lỗi từ phía ngân hàng). Thử lại sau ít phút hoặc chọn Ví trong app.
f465ff9510628bed15af9d73ad01d0de,138299,2022-03-04 09:14:05.063,credit card,-5,Payment failed from bank,Thanh toán qua ngân hàng chưa thành công (lỗi từ phía ngân hàng). Thử lại sau ít phút hoặc chọn Ví trong app.
694dd34473ff919fc565787231c081a7,212255,2022-03-04 09:27:31.147,bank account,-5,Payment failed from bank,Thanh toán qua ngân hàng chưa thành công (lỗi từ phía ngân hàng). Thử lại sau ít phút hoặc chọn Ví trong app.
ebb63e244bcd80a2a373bbb5468cba9c,192831,2022-03-04 10:21:27.304,debit card,-5,Payment failed from bank,Thanh toán qua ngân hàng chưa thành công (lỗi từ phía ngân hàng). Thử lại sau ít phút hoặc chọn Ví trong app.
6bfeffdc3eef394a979fdffcaa8ac633,121756,2022-03-04 10:40:14.103,bank account,-5,Payment failed from bank,Thanh toán qua ngân hàng chưa thành công (lỗi từ phía ngân hàng). Thử lại sau ít phút hoặc chọn Ví trong app.
05f7e19f8aab9f895e7b64c887c7991a,125812,2022-03-04 11:32:59.936,bank account,-5,Payment failed from bank,Thanh toán qua ngân hàng chưa thành công (lỗi từ phía ngân hàng). Thử lại sau ít phút hoặc chọn Ví trong app.
342e65959e55130465bd66e385d822a4,200328,2022-03-04 12:14:38.580,bank account,-5,Payment failed from bank,Thanh toán qua ngân hàng chưa thành công (lỗi từ phía ngân hàng). Thử lại sau ít phút hoặc chọn Ví trong app.
552d6d2723045889b38a3d3c5c0723aa,178573,2022-03-04 12:15:45.976,debit card,-5,Payment failed from bank,Thanh toán qua ngân hàng chưa thành công (lỗi từ phía ngân hàng). Thử lại sau ít phút hoặc chọn Ví trong app.
4fd73ad0295fdf49c06df402bb5bdef8,189862,2022-03-04 12:59:04.643,debit card,-5,Payment failed from bank,Thanh toán qua ngân hàng chưa thành công (lỗi từ phía ngân hàng). Thử lại sau ít phút hoặc chọn Ví trong app.
f505da87f80c7465604e904ceefaf75e,198783,2022-03-04 13:17:32.756,debit card,-5,Payment failed from bank,Thanh toán qua ngân hàng chưa thành công (lỗi từ phía ngân hàng). Thử lại sau ít phút hoặc chọn Ví trong app.
f3a84668eba7feecd43bab984758ddeb,160589,2022-03-04 13:34:26.034,bank account,-6,Need verify your account to continue,Bạn cần xác minh tài khoản để tiếp tục thanh toán. Hoàn tất xác minh trong 2 phút tại đây.
b44848636439b990b0627e56950c7474,192456,2022-03-04 14:27:22.829,bank account,-5,Payment failed from bank,Thanh toán qua ngân hàng chưa thành công (lỗi từ phía ngân hàng). Thử lại sau ít phút hoặc chọn Ví trong app.
681515db72d73947fc9a695b382e29b9,136205,2022-03-04 14:48:36.952,debit card,-5,Payment failed from bank,Thanh toán qua ngân hàng chưa thành công (lỗi từ phía ngân hàng). Thử lại sau ít phút hoặc chọn Ví trong app.
8955da338701453c6a0ae4ff1ccd0ab9,116371,2022-03-04 14:52:27.478,bank account,-5,Payment failed from bank,Thanh toán qua ngân hàng chưa thành công (lỗi từ phía ngân hàng). Thử lại sau ít phút hoặc chọn Ví trong app.
db26c904084ef34959b8ef7dfd15d0a1,122804,2022-03-04 15:58:05.400,bank account,-5,Payment failed from bank,Thanh toán qua ngân hàng chưa thành công (lỗi từ phía ngân hàng). Thử lại sau ít phút hoặc chọn Ví trong app.
49f348303a944fdc2d1fda362c21c46d,139914,2022-03-04 16:11:59.238,bank account,-5,Payment failed from bank,Thanh toán qua ngân hàng chưa thành công (lỗi từ phía ngân hàng). Thử lại sau ít phút hoặc chọn Ví trong app.
bc3e555f230899b0a75881d423bed3be,175772,2022-03-04 16:21:51.911,bank account,-5,Payment failed from bank,Thanh toán qua ngân hàng chưa thành công (lỗi từ phía ngân hàng). Thử lại sau ít phút hoặc chọn Ví trong app.
0b8bab45afce3dac8cd9a82d247b161f,225477,2022-03-04 16:40:50.756,bank account,-5,Payment failed from bank,Thanh toán qua ngân hàng chưa thành công (lỗi từ phía ngân hàng). Thử lại sau ít phút hoặc chọn Ví trong app.
7ba979e68876c5106a6f561bb2e413ec,117413,2022-03-04 16:43:44.007,bank account,-5,Payment failed from bank,Thanh toán qua ngân hàng chưa thành công (lỗi từ phía ngân hàng). Thử lại sau ít phút hoặc chọn Ví trong app.
87abd3df44cb76a05549cb1433e65713,111999,2022-03-04 17:13:25.700,debit card,-5,Payment failed from bank,Thanh toán qua ngân hàng chưa thành công (lỗi từ phía ngân hàng). Thử lại sau ít phút hoặc chọn Ví trong app.
10fa20935d36025c2849f0961835aa6d,161597,2022-03-04 17:41:17.188,bank account,-5,Payment failed from bank,Thanh toán qua ngân hàng chưa thành công (lỗi từ phía ngân hàng). Thử lại sau ít phút hoặc chọn Ví trong app.
f53508bb28ac0bcc039786c864d4416d,194117,2022-03-04 17:47:07.321,bank account,-5,Payment failed from bank,Thanh toán qua ngân hàng chưa thành công (lỗi từ phía ngân hàng). Thử lại sau ít phút hoặc chọn Ví trong app.
8defee371ba0a074536abf8299b08754,114218,2022-03-04 18:08:33.471,debit card,-5,Payment failed from bank,Thanh toán qua ngân hàng chưa thành công (lỗi từ phía ngân hàng). Thử lại sau ít phút hoặc chọn Ví trong app.
4a0e569405774a779cbe6a44fc026997,120987,2022-03-04 18:15:37.039,credit card,-5,Payment failed from bank,Thanh toán qua ngân hàng chưa thành công (lỗi từ phía ngân hàng). Thử lại sau ít phút hoặc chọn Ví trong app.
a9595671ea652f8dc6fb7ef835807b6c,173490,2022-03-04 18:25:26.560,debit card,-5,Payment failed from bank,Thanh toán qua ngân hàng chưa thành công (lỗi từ phía ngân hàng). Thử lại sau ít phút hoặc chọn Ví trong app.
8e530ac615dfd35ad7c631bbce2c085c,179020,2022-03-04 18:30:35.650,bank account,-5,Payment failed from bank,Thanh toán qua ngân hàng chưa thành công (lỗi từ phía ngân hàng). Thử lại sau ít phút hoặc chọn Ví trong app.
a22749a92007f55fdd708babe2d2aa64,120944,2022-03-04 19:26:03.955,credit card,-5,Payment failed from bank,Thanh toán qua ngân hàng chưa thành công (lỗi từ phía ngân hàng). Thử lại sau ít phút hoặc chọn Ví trong app.
df4eb344831d45c4a81d49942ba4d194,169039,2022-03-04 20:01:13.128,bank account,-5,Payment failed from bank,Thanh toán qua ngân hàng chưa thành công (lỗi từ phía ngân hàng). Thử lại sau ít phút hoặc chọn Ví trong app.
20036c8789780b7175860a8caa3507be,198264,2022-03-04 20:10:45.535,debit card,-5,Payment failed from bank,Thanh toán qua ngân hàng chưa thành công (lỗi từ phía ngân hàng). Thử lại sau ít phút hoặc chọn Ví trong app.
193d40021ddea922349d95b8eecf89e9,111566,2022-03-04 21:25:00.996,bank account,-5,Payment failed from bank,Thanh toán qua ngân hàng chưa thành công (lỗi từ phía ngân hàng). Thử lại sau ít phút hoặc chọn Ví trong app.
c6bc6916bbdc19a3c1824d9a3d348f2b,167348,2022-03-04 21:40:32.218,bank account,-5,Payment failed from bank,Thanh toán qua ngân hàng chưa thành công (lỗi từ phía ngân hàng). Thử lại sau ít phút hoặc chọn Ví trong app.
3d9e4f80df3b325e6297edc425921528,125847,2022-03-04 22:16:42.262,credit card,-5,Payment failed from bank,Thanh toán qua ngân hàng chưa thành công (lỗi từ phía ngân hàng). Thử lại sau ít phút hoặc chọn Ví trong app.
94ac83d90ed17eb123e52be3ff7c1ab3,140918,2022-03-04 22:51:02.763,debit card,-5,Payment failed from bank,Thanh toán qua ngân hàng chưa thành công (lỗi từ phía ngân hàng). Thử lại sau ít phút hoặc chọn Ví trong app.
236236670fb3443df6e270bda132968a,187392,2022-03-04 23:51:08.604,bank account,-5,Payment failed from bank,Thanh toán qua ngân hàng chưa thành công (lỗi từ phía ngân hàng). Thử lại sau ít phút hoặc chọn Ví trong app.
6ff882c175e1bb5625fb937f5abab694,128726,2022-03-05 00:30:20.614,bank account,-5,Payment failed from bank,Thanh toán qua ngân hàng chưa thành công (lỗi từ phía ngân hàng). Thử lại sau ít phút hoặc chọn Ví trong app.
75dc15c60d35443b1c4caf5cfe693727,202846,2022-03-05 00:36:44.134,money in app,-6,Need verify your account to continue,Bạn cần xác minh tài khoản để tiếp tục thanh toán. Hoàn tất xác minh trong 2 phút tại đây.
5ee4e7fdbaaff3fa5250abe77c7a8ce3,143254,2022-03-05 07:56:53.628,bank account,-5,Payment failed from bank,Thanh toán qua ngân hàng chưa thành công (lỗi từ phía ngân hàng). Thử lại sau ít phút hoặc chọn Ví trong app.
ce31978feec5a31000612832278ef354,173041,2022-03-05 08:05:05.623,bank account,-5,Payment failed from bank,Thanh toán qua ngân hàng chưa thành công (lỗi từ phía ngân hàng). Thử lại sau ít phút hoặc chọn Ví trong app.
bbbee5a24e8b0f7077fafdd1d69dd409,122613,2022-03-05 08:38:43.575,bank account,-5,Payment failed from bank,Thanh toán qua ngân hàng chưa thành công (lỗi từ phía ngân hàng). Thử lại sau ít phút hoặc chọn Ví trong app.
9a109bd93078ddf899de0855836300d3,148499,2022-03-05 10:21:09.004,bank account,-5,Payment failed from bank,Thanh toán qua ngân hàng chưa thành công (lỗi từ phía ngân hàng). Thử lại sau ít phút hoặc chọn Ví trong app.
c97653d169bd96b8ecf9243540d5bac8,191171,2022-03-05 10:32:28.757,debit card,-5,Payment failed from bank,Thanh toán qua ngân hàng chưa thành công (lỗi từ phía ngân hàng). Thử lại sau ít phút hoặc chọn Ví trong app.
4d5eb2ceeb9c0009c0da1b254f9e5495,180222,2022-03-05 11:12:46.787,bank account,-5,Payment failed from bank,Thanh toán qua ngân hàng chưa thành công (lỗi từ phía ngân hàng). Thử lại sau ít phút hoặc chọn Ví trong app.
58701b03ff525a1f1854af7b2cd867ff,199246,2022-03-05 11:19:35.114,debit card,-5,Payment failed from bank,Thanh toán qua ngân hàng chưa thành công (lỗi từ phía ngân hàng). Thử lại sau ít phút hoặc chọn Ví trong app.
f6b23bfe134cca85ec408af5d921e865,124852,2022-03-05 11:25:20.691,credit card,-5,Payment failed from bank,Thanh toán qua ngân hàng chưa thành công (lỗi từ phía ngân hàng). Thử lại sau ít phút hoặc chọn Ví trong app.
381af4f621cbbf8d1882cd1a2570fa9d,122284,2022-03-05 12:14:54.769,bank account,-5,Payment failed from bank,Thanh toán qua ngân hàng chưa thành công (lỗi từ phía ngân hàng). Thử lại sau ít phút hoặc chọn Ví trong app.
a0f29a7c5c70dbc8658f4a0e9e51f15d,159479,2022-03-05 12:16:41.594,bank account,-5,Payment failed from bank,Thanh toán qua ngân hàng chưa thành công (lỗi từ phía ngân hàng). Thử lại sau ít phút hoặc chọn Ví trong app.
adc6f8c093de0e52c51c5cde5279e2b6,168506,2022-03-05 12:52:37.674,money in app,-7,Transaction temporarily limited,Giao dịch đang bị giới hạn tạm thời. Đội hỗ trợ sẽ liên hệ bạn - hoặc nhắn tin cho chúng tôi để được xử lý ngay.
489fe2fa13347c367aa59cdbc7661408,171488,2022-03-05 12:53:07.692,bank account,-5,Payment failed from bank,Thanh toán qua ngân hàng chưa thành công (lỗi từ phía ngân hàng). Thử lại sau ít phút hoặc chọn Ví trong app.
650f8acfc4e7cc65084ebefbc6c18bc7,224977,2022-03-05 12:56:09.893,credit card,-5,Payment failed from bank,Thanh toán qua ngân hàng chưa thành công (lỗi từ phía ngân hàng). Thử lại sau ít phút hoặc chọn Ví trong app.
eec08a63d1717a9394f71e3ebe45cdb0,203402,2022-03-05 13:10:54.954,debit card,-5,Payment failed from bank,Thanh toán qua ngân hàng chưa thành công (lỗi từ phía ngân hàng). Thử lại sau ít phút hoặc chọn Ví trong app.
04b913fbc2ed295d961b6aa67411cd2b,181662,2022-03-05 13:29:41.374,bank account,-5,Payment failed from bank,Thanh toán qua ngân hàng chưa thành công (lỗi từ phía ngân hàng). Thử lại sau ít phút hoặc chọn Ví trong app.
372afa837a04b378af4118deeb6a2937,201521,2022-03-05 13:38:57.515,bank account,-5,Payment failed from bank,Thanh toán qua ngân hàng chưa thành công (lỗi từ phía ngân hàng). Thử lại sau ít phút hoặc chọn Ví trong app.
b5122cd595ea311c2e2325e273668741,180374,2022-03-05 14:12:16.344,debit card,-5,Payment failed from bank,Thanh toán qua ngân hàng chưa thành công (lỗi từ phía ngân hàng). Thử lại sau ít phút hoặc chọn Ví trong app.
00ced2ed25247b0ac58c672f7fac90e4,149465,2022-03-05 14:29:03.866,bank account,-5,Payment failed from bank,Thanh toán qua ngân hàng chưa thành công (lỗi từ phía ngân hàng). Thử lại sau ít phút hoặc chọn Ví trong app.
e5072e56456057aa4786700b317519a2,215177,2022-03-05 14:42:08.683,bank account,-5,Payment failed from bank,Thanh toán qua ngân hàng chưa thành công (lỗi từ phía ngân hàng). Thử lại sau ít phút hoặc chọn Ví trong app.
141f89aa2e26ca95fd2db6ca13546461,120243,2022-03-05 15:34:27.852,bank account,-5,Payment failed from bank,Thanh toán qua ngân hàng chưa thành công (lỗi từ phía ngân hàng). Thử lại sau ít phút hoặc chọn Ví trong app.
667b4b9f5e960cacec4f0a75df136651,104409,2022-03-05 15:35:57.215,bank account,-5,Payment failed from bank,Thanh toán qua ngân hàng chưa thành công (lỗi từ phía ngân hàng). Thử lại sau ít phút hoặc chọn Ví trong app.
0f5bdef4cf319114c934c3b552efee51,106045,2022-03-05 16:35:14.342,debit card,-5,Payment failed from bank,Thanh toán qua ngân hàng chưa thành công (lỗi từ phía ngân hàng). Thử lại sau ít phút hoặc chọn Ví trong app.
0760e5be25661676ab4964b27a4fa5ac,200300,2022-03-05 16:44:14.112,bank account,-7,Transaction temporarily limited,Giao dịch đang bị giới hạn tạm thời. Đội hỗ trợ sẽ liên hệ bạn - hoặc nhắn tin cho chúng tôi để được xử lý ngay.
f6456bdc6041aef31e4570f18d12768b,151512,2022-03-05 16:51:22.857,bank account,-5,Payment failed from bank,Thanh toán qua ngân hàng chưa thành công (lỗi từ phía ngân hàng). Thử lại sau ít phút hoặc chọn Ví trong app.
73bbbecdb7869df1c399293f3a14b388,158685,2022-03-05 17:02:17.162,bank account,-5,Payment failed from bank,Thanh toán qua ngân hàng chưa thành công (lỗi từ phía ngân hàng). Thử lại sau ít phút hoặc chọn Ví trong app.
e398e3662caa19280790bbbe494ed8f0,127306,2022-03-05 17:09:10.072,debit card,-5,Payment failed from bank,Thanh toán qua ngân hàng chưa thành công (lỗi từ phía ngân hàng). Thử lại sau ít phút hoặc chọn Ví trong app.
cc0b888cb1db6d1788cc3cc804160bdc,119738,2022-03-05 17:21:16.955,credit card,-5,Payment failed from bank,Thanh toán qua ngân hàng chưa thành công (lỗi từ phía ngân hàng). Thử lại sau ít phút hoặc chọn Ví trong app.
26c1facf9c07ddfa1931186d476987ca,146413,2022-03-05 17:36:00.798,bank account,-5,Payment failed from bank,Thanh toán qua ngân hàng chưa thành công (lỗi từ phía ngân hàng). Thử lại sau ít phút hoặc chọn Ví trong app.
53be2a5ebe9f3479b35d6f899519f44a,164901,2022-03-05 17:39:29.063,credit card,-5,Payment failed from bank,Thanh toán qua ngân hàng chưa thành công (lỗi từ phía ngân hàng). Thử lại sau ít phút hoặc chọn Ví trong app.
80adbdd986784c42bd6abc523d04665d,155873,2022-03-05 17:48:28.251,credit card,-5,Payment failed from bank,Thanh toán qua ngân hàng chưa thành công (lỗi từ phía ngân hàng). Thử lại sau ít phút hoặc chọn Ví trong app.
32935346321ef673637b10c77e6e25be,191885,2022-03-05 17:51:46.186,credit card,-5,Payment failed from bank,Thanh toán qua ngân hàng chưa thành công (lỗi từ phía ngân hàng). Thử lại sau ít phút hoặc chọn Ví trong app.
669128c34440fb1f13655c3006436c2c,130090,2022-03-05 18:12:05.964,debit card,-5,Payment failed from bank,Thanh toán qua ngân hàng chưa thành công (lỗi từ phía ngân hàng). Thử lại sau ít phút hoặc chọn Ví trong app.
4950e13f0c455912ba9f25cbbdd532aa,155009,2022-03-05 18:41:40.806,bank account,-5,Payment failed from bank,Thanh toán qua ngân hàng chưa thành công (lỗi từ phía ngân hàng). Thử lại sau ít phút hoặc chọn Ví trong app.
9bc58e56d51223e46fbd6e71da5b133e,203310,2022-03-05 19:10:52.325,bank account,-7,Transaction temporarily limited,Giao dịch đang bị giới hạn tạm thời. Đội hỗ trợ sẽ liên hệ bạn - hoặc nhắn tin cho chúng tôi để được xử lý ngay.
c00fdae10cbdc1b6f3ffc3973fbd2c4c,195707,2022-03-05 19:19:56.640,bank account,-5,Payment failed from bank,Thanh toán qua ngân hàng chưa thành công (lỗi từ phía ngân hàng). Thử lại sau ít phút hoặc chọn Ví trong app.
a0743dc46db9c4735f07eace294ad319,106598,2022-03-05 19:36:55.198,bank account,-5,Payment failed from bank,Thanh toán qua ngân hàng chưa thành công (lỗi từ phía ngân hàng). Thử lại sau ít phút hoặc chọn Ví trong app.
f3b76e0a93361c624a88f6e886eab33a,153128,2022-03-05 19:45:57.442,bank account,-6,Need verify your account to continue,Bạn cần xác minh tài khoản để tiếp tục thanh toán. Hoàn tất xác minh trong 2 phút tại đây.
a3822eac95082d9a83e4eee0cbe8695e,220235,2022-03-05 20:21:36.705,bank account,-5,Payment failed from bank,Thanh toán qua ngân hàng chưa thành công (lỗi từ phía ngân hàng). Thử lại sau ít phút hoặc chọn Ví trong app.
9b2c31bf1b3e91b3e1e244acb4efafb1,130862,2022-03-05 20:44:52.270,bank account,-5,Payment failed from bank,Thanh toán qua ngân hàng chưa thành công (lỗi từ phía ngân hàng). Thử lại sau ít phút hoặc chọn Ví trong app.
e126aacbd6787380f0f728632d1ad20e,138504,2022-03-05 21:22:37.575,bank account,-5,Payment failed from bank,Thanh toán qua ngân hàng chưa thành công (lỗi từ phía ngân hàng). Thử lại sau ít phút hoặc chọn Ví trong app.
c4b26907530cdf5b36e3a9faf65ad06c,116072,2022-03-05 21:26:18.040,bank account,-5,Payment failed from bank,Thanh toán qua ngân hàng chưa thành công (lỗi từ phía ngân hàng). Thử lại sau ít phút hoặc chọn Ví trong app.
a2cc13f4a161b7d6d04302bb7f029dbd,128337,2022-03-05 21:53:32.293,bank account,-5,Payment failed from bank,Thanh toán qua ngân hàng chưa thành công (lỗi từ phía ngân hàng). Thử lại sau ít phút hoặc chọn Ví trong app.
cb0645181df61740423ff68c7c7fce94,138424,2022-03-05 22:39:10.313,bank account,-5,Payment failed from bank,Thanh toán qua ngân hàng chưa thành công (lỗi từ phía ngân hàng). Thử lại sau ít phút hoặc chọn Ví trong app.
5e4a324da6c021ad2ddff11423e922d7,197094,2022-03-05 22:47:26.796,bank account,-5,Payment failed from bank,Thanh toán qua ngân hàng chưa thành công (lỗi từ phía ngân hàng). Thử lại sau ít phút hoặc chọn Ví trong app.
c208d6eecb75410eb89ff777df188026,225503,2022-03-05 23:00:52.059,debit card,-5,Payment failed from bank,Thanh toán qua ngân hàng chưa thành công (lỗi từ phía ngân hàng). Thử lại sau ít phút hoặc chọn Ví trong app.
16737d0d8112cc651f67310c4cc8847b,190127,2022-03-06 00:00:12.128,debit card,-5,Payment failed from bank,Thanh toán qua ngân hàng chưa thành công (lỗi từ phía ngân hàng). Thử lại sau ít phút hoặc chọn Ví trong app.
0a361281e7ba53257eed768ec561645e,215246,2022-03-06 00:01:34.136,bank account,-5,Payment failed from bank,Thanh toán qua ngân hàng chưa thành công (lỗi từ phía ngân hàng). Thử lại sau ít phút hoặc chọn Ví trong app.
515894f49a9af7922947278b5a7ce401,208314,2022-03-06 00:34:59.320,bank account,-5,Payment failed from bank,Thanh toán qua ngân hàng chưa thành công (lỗi từ phía ngân hàng). Thử lại sau ít phút hoặc chọn Ví trong app.
83a685c6630f4685fad367ba29e49375,129066,2022-03-06 01:13:40.817,debit card,-5,Payment failed from bank,Thanh toán qua ngân hàng chưa thành công (lỗi từ phía ngân hàng). Thử lại sau ít phút hoặc chọn Ví trong app.
ffbe69a8ec3bede04a94bbd37bd221a6,171532,2022-03-06 01:26:32.524,bank account,-5,Payment failed from bank,Thanh toán qua ngân hàng chưa thành công (lỗi từ phía ngân hàng). Thử lại sau ít phút hoặc chọn Ví trong app.
3d1b08031619175c1aa6d3bb165567a9,111277,2022-03-06 09:34:05.288,bank account,-5,Payment failed from bank,Thanh toán qua ngân hàng chưa thành công (lỗi từ phía ngân hàng). Thử lại sau ít phút hoặc chọn Ví trong app.
b2282da019725541a98f77b399acae26,166308,2022-03-06 09:43:43.499,credit card,-5,Payment failed from bank,Thanh toán qua ngân hàng chưa thành công (lỗi từ phía ngân hàng). Thử lại sau ít phút hoặc chọn Ví trong app.
b6d96c4aad41b32047416d5729de0a76,225251,2022-03-06 09:58:44.944,debit card,-5,Payment failed from bank,Thanh toán qua ngân hàng chưa thành công (lỗi từ phía ngân hàng). Thử lại sau ít phút hoặc chọn Ví trong app.
ada450376f8a439c6d6e82c62096dab5,225533,2022-03-06 10:46:56.366,debit card,-5,Payment failed from bank,Thanh toán qua ngân hàng chưa thành công (lỗi từ phía ngân hàng). Thử lại sau ít phút hoặc chọn Ví trong app.
1faada799433793972810114a3ffda3c,134989,2022-03-06 10:49:02.978,credit card,-1,Payment overdue,Đơn đặt vé của bạn đã quá hạn thanh toán. Ghế vẫn có thể còn trống - đặt lại trong 1 chạm tại đây.
8b68c2fb90115ceb2bd848abb22d02f3,147359,2022-03-06 10:58:28.700,bank account,-6,Need verify your account to continue,Bạn cần xác minh tài khoản để tiếp tục thanh toán. Hoàn tất xác minh trong 2 phút tại đây.
8bf423d1bc9b40d6e5cb9fcee7dc4a8b,154788,2022-03-06 11:11:05.108,debit card,-5,Payment failed from bank,Thanh toán qua ngân hàng chưa thành công (lỗi từ phía ngân hàng). Thử lại sau ít phút hoặc chọn Ví trong app.
f32922992871049196d56966ffd2ad71,113500,2022-03-06 11:15:02.883,debit card,-5,Payment failed from bank,Thanh toán qua ngân hàng chưa thành công (lỗi từ phía ngân hàng). Thử lại sau ít phút hoặc chọn Ví trong app.
3ef7fd81c11c18b647801ce816de1a53,207823,2022-03-06 11:37:47.547,bank account,-5,Payment failed from bank,Thanh toán qua ngân hàng chưa thành công (lỗi từ phía ngân hàng). Thử lại sau ít phút hoặc chọn Ví trong app.
fbb09724810887ddfbb575ce766a6af8,207664,2022-03-06 11:44:36.221,bank account,-5,Payment failed from bank,Thanh toán qua ngân hàng chưa thành công (lỗi từ phía ngân hàng). Thử lại sau ít phút hoặc chọn Ví trong app.
c9e22e46bb0f44d8c9c710c5def0c08e,127063,2022-03-06 12:16:12.145,debit card,-5,Payment failed from bank,Thanh toán qua ngân hàng chưa thành công (lỗi từ phía ngân hàng). Thử lại sau ít phút hoặc chọn Ví trong app.
cdef7bf589be495b7040d5532849fe41,119861,2022-03-06 12:17:38.097,debit card,-5,Payment failed from bank,Thanh toán qua ngân hàng chưa thành công (lỗi từ phía ngân hàng). Thử lại sau ít phút hoặc chọn Ví trong app.
d738745156d38f131782d62c55fc8a2e,139346,2022-03-06 12:22:05.733,bank account,-5,Payment failed from bank,Thanh toán qua ngân hàng chưa thành công (lỗi từ phía ngân hàng). Thử lại sau ít phút hoặc chọn Ví trong app.
3cac9bd75658395d0d9c3e7c236eccb7,139382,2022-03-06 12:33:28.278,debit card,-5,Payment failed from bank,Thanh toán qua ngân hàng chưa thành công (lỗi từ phía ngân hàng). Thử lại sau ít phút hoặc chọn Ví trong app.
db3695ecd1b18c875761d5a90e9978d7,185100,2022-03-06 12:44:36.781,bank account,-5,Payment failed from bank,Thanh toán qua ngân hàng chưa thành công (lỗi từ phía ngân hàng). Thử lại sau ít phút hoặc chọn Ví trong app.
1a83a4dc46cd4e9b564043822bd5ea7a,187961,2022-03-06 12:57:56.582,bank account,-5,Payment failed from bank,Thanh toán qua ngân hàng chưa thành công (lỗi từ phía ngân hàng). Thử lại sau ít phút hoặc chọn Ví trong app.
31e75ed45647a94d9b5c6451c7cba4f1,134750,2022-03-06 13:23:34.008,credit card,-5,Payment failed from bank,Thanh toán qua ngân hàng chưa thành công (lỗi từ phía ngân hàng). Thử lại sau ít phút hoặc chọn Ví trong app.
ad94e6eb6567bbbe77e15b75edce16cf,160848,2022-03-06 13:50:24.425,money in app,-6,Need verify your account to continue,Bạn cần xác minh tài khoản để tiếp tục thanh toán. Hoàn tất xác minh trong 2 phút tại đây.
9d2328e2efc48c4c862a8554e4bb4c3a,142810,2022-03-06 13:52:05.597,bank account,-5,Payment failed from bank,Thanh toán qua ngân hàng chưa thành công (lỗi từ phía ngân hàng). Thử lại sau ít phút hoặc chọn Ví trong app.
8a8b8e9dab82ce76c83429d5f0715eb0,174999,2022-03-06 15:38:06.582,debit card,-5,Payment failed from bank,Thanh toán qua ngân hàng chưa thành công (lỗi từ phía ngân hàng). Thử lại sau ít phút hoặc chọn Ví trong app.
05759dbecadcb907e739c4b65b4a24e6,181763,2022-03-06 15:41:24.573,debit card,-5,Payment failed from bank,Thanh toán qua ngân hàng chưa thành công (lỗi từ phía ngân hàng). Thử lại sau ít phút hoặc chọn Ví trong app.
fa049a1397f76f98e4addc1535635f72,173859,2022-03-06 16:21:44.629,debit card,-5,Payment failed from bank,Thanh toán qua ngân hàng chưa thành công (lỗi từ phía ngân hàng). Thử lại sau ít phút hoặc chọn Ví trong app.
94ba4fef6581f0375c3ebf2ad8cdf60a,205115,2022-03-06 16:29:53.837,debit card,-5,Payment failed from bank,Thanh toán qua ngân hàng chưa thành công (lỗi từ phía ngân hàng). Thử lại sau ít phút hoặc chọn Ví trong app.
80883f0d38ba636ff8c7591f9cd63fbf,170639,2022-03-06 16:36:03.886,debit card,-5,Payment failed from bank,Thanh toán qua ngân hàng chưa thành công (lỗi từ phía ngân hàng). Thử lại sau ít phút hoặc chọn Ví trong app.
94a6601689a2fc82262ae42f43b78ad6,206108,2022-03-06 16:52:42.051,debit card,-5,Payment failed from bank,Thanh toán qua ngân hàng chưa thành công (lỗi từ phía ngân hàng). Thử lại sau ít phút hoặc chọn Ví trong app.
2514d73a0e7a71037e306bd707b92316,194803,2022-03-06 16:55:33.791,bank account,-5,Payment failed from bank,Thanh toán qua ngân hàng chưa thành công (lỗi từ phía ngân hàng). Thử lại sau ít phút hoặc chọn Ví trong app.
015bd41c78d5039940aabd84f79a79e4,148588,2022-03-06 17:05:30.992,credit card,-5,Payment failed from bank,Thanh toán qua ngân hàng chưa thành công (lỗi từ phía ngân hàng). Thử lại sau ít phút hoặc chọn Ví trong app.
355eba22c4f4f6a28227e7994b8c0adb,189406,2022-03-06 18:04:45.526,bank account,-5,Payment failed from bank,Thanh toán qua ngân hàng chưa thành công (lỗi từ phía ngân hàng). Thử lại sau ít phút hoặc chọn Ví trong app.
013ad4b23c95bfedfa73056e54660742,131993,2022-03-06 18:39:14.286,debit card,-5,Payment failed from bank,Thanh toán qua ngân hàng chưa thành công (lỗi từ phía ngân hàng). Thử lại sau ít phút hoặc chọn Ví trong app.
293398e794f4eef5f934bea5a9196298,142461,2022-03-06 18:56:17.685,bank account,-5,Payment failed from bank,Thanh toán qua ngân hàng chưa thành công (lỗi từ phía ngân hàng). Thử lại sau ít phút hoặc chọn Ví trong app.
d7e70cdf78f9e1b7db54e37bbd949817,150182,2022-03-06 19:18:28.242,credit card,-5,Payment failed from bank,Thanh toán qua ngân hàng chưa thành công (lỗi từ phía ngân hàng). Thử lại sau ít phút hoặc chọn Ví trong app.
83f93d22a7dc8030a19ff78cfabe9bd3,189834,2022-03-06 19:38:47.066,debit card,-5,Payment failed from bank,Thanh toán qua ngân hàng chưa thành công (lỗi từ phía ngân hàng). Thử lại sau ít phút hoặc chọn Ví trong app.
f7e95e9572df3dcc9d23d919d6a8def0,177512,2022-03-06 20:15:28.357,bank account,-5,Payment failed from bank,Thanh toán qua ngân hàng chưa thành công (lỗi từ phía ngân hàng). Thử lại sau ít phút hoặc chọn Ví trong app.
5303bdf7b57eca2eeab152d6a2bf10ef,183594,2022-03-06 20:27:15.675,bank account,-5,Payment failed from bank,Thanh toán qua ngân hàng chưa thành công (lỗi từ phía ngân hàng). Thử lại sau ít phút hoặc chọn Ví trong app.
cfbd2b446e8bd78dd8801ca116adece3,137902,2022-03-06 20:32:38.027,bank account,-5,Payment failed from bank,Thanh toán qua ngân hàng chưa thành công (lỗi từ phía ngân hàng). Thử lại sau ít phút hoặc chọn Ví trong app.
e6c628fef3702262a79bef6bc9a47f94,169351,2022-03-06 20:52:55.142,bank account,-5,Payment failed from bank,Thanh toán qua ngân hàng chưa thành công (lỗi từ phía ngân hàng). Thử lại sau ít phút hoặc chọn Ví trong app.
9486c94f6c06817804714c27adf6d102,167605,2022-03-06 20:58:56.231,debit card,-5,Payment failed from bank,Thanh toán qua ngân hàng chưa thành công (lỗi từ phía ngân hàng). Thử lại sau ít phút hoặc chọn Ví trong app.
7bb6114948441b4e8176f25621fa07f1,132667,2022-03-06 22:27:18.063,bank account,-5,Payment failed from bank,Thanh toán qua ngân hàng chưa thành công (lỗi từ phía ngân hàng). Thử lại sau ít phút hoặc chọn Ví trong app.
